供应商,供货商来货品名,图片, 单价（含采购运费） ,雷阳品名规格,"编码代码
（大类）","编码代码
（小类）",末位流水编号,雷阳货号,成本价（含打包费用及发货运费等）,子件货号,,最新采购价格日期
义乌市诗虹电子商务商行,"8连长方肥皂225手工皂烘焙糕点饼干松饼蛋糕模具甜点厨房工具 [快照]
颜色: 紫色",#NAME?, 5.40 ,8连长方肥皂蛋糕模紫色 2PCS,BG,01,0001,BG010001,6.05,,,
,,#NAME?, 5.40 ,8连长方肥皂蛋糕模粉色 紫色 2PCS,T2-BG,01,0001,T2-BG010001,6.05,,,
东莞市桥头敏睿塑胶电子厂,4孔玫瑰花钻石冰格模鸡尾酒冰块模 硅胶冰球制作器 亚马逊热销 颜色: 玫瑰花冰格墨绿,#NAME?, 8.30 ,玫瑰花钻石冰格4格墨绿,BG,01,0002,BG010002,9.3,,,
东莞市桥头敏睿塑胶电子厂,4孔玫瑰花钻石冰格模鸡尾酒冰块模 硅胶冰球制作器 亚马逊热销 颜色: 玫瑰花冰格黑色,#NAME?, 8.30 ,玫瑰花钻石冰格4格黑色,BG,01,0003,BG010003,9.3,,,
东莞市桥头敏睿塑胶电子厂,4孔玫瑰花钻石冰格模鸡尾酒冰块模 硅胶冰球制作器 亚马逊热销 颜色: 玫瑰花冰格灰色,#NAME?,,玫瑰花钻石冰格4格灰色,BG,01,0004,BG010004,0,,,
东莞市桥头敏睿塑胶电子厂,4孔玫瑰花钻石冰格模鸡尾酒冰块模 硅胶冰球制作器 亚马逊热销 ,#NAME?, 16.60 ,玫瑰花钻石冰格4格墨绿2PCS,BG,01,0082,BG010082,18.59,,,
东莞市桥头敏睿塑胶电子厂,4孔玫瑰花钻石冰格模鸡尾酒冰块模 硅胶冰球制作器 亚马逊热销,#NAME?, 16.60 ,玫瑰花钻石冰格4格黑色2PCS,BG,01,0083,BG010083,18.59,,,
东莞市桥头敏睿塑胶电子厂,4孔玫瑰花钻石冰格模鸡尾酒冰块模 硅胶冰球制作器 亚马逊热销 颜,#NAME?, 16.60 ,玫瑰花钻石冰格4格灰色2PCS,BG,01,0084,BG010084,18.59,,,
东莞晖高橡塑科技有限公司,硅胶条形冰格食品级带盖大号家用制冰盒调酒大冰块模具宝宝辅食盒 颜色: 绿色 规格: 4格带盖,#NAME?, 9.00 ,条形冰格4格带盖绿色,BG,01,0005,BG010005,10.08,,,
东莞晖高橡塑科技有限公司,硅胶条形冰格食品级带盖大号家用制冰盒调酒大冰块模具宝宝辅食盒 颜色: 黄色 规格: 4格带盖,#NAME?, 9.00 ,条形冰格4格带盖黄色,BG,01,0006,BG010006,10.08,,,
东莞晖高橡塑科技有限公司,硅胶条形冰格食品级带盖大号家用制冰盒调酒大冰块模具宝宝辅食盒 颜色: 白色 规格: 4格带盖,#NAME?, 9.00 ,条形冰格4格带盖白色,BG,01,0007,BG010007,10.08,,,
东莞晖高橡塑科技有限公司,硅胶条形冰格食品级带盖大号家用制冰盒调酒大冰块模具宝宝辅食盒 颜色: 紫色 规格: 4格带盖,#NAME?, 9.00 ,条形冰格4格带盖紫色,BG,01,0008,BG010008,10.08,,,
义乌市易赛日用品有限公司,"创意蜂窝带盖37格制冰冰格冰箱自制冰块模具家用制冰盒冰模辅食 [快照]
颜色: 绿色  规格: 带盖OPP袋装",#NAME?, 1.95 ,37格蜂窝冰格绿色,BG,01,0009,BG010009,2.18,,,
义乌市易赛日用品有限公司,"创意蜂窝带盖37格制冰冰格冰箱自制冰块模具家用制冰盒冰模辅食 [快照]
颜色: 绿色  规格: 带盖OPP袋装",#NAME?, 5.85 ,37格蜂窝冰格绿色-3PCs,BG,01,0009,T3-BG010009-LV,6.55,,,
义乌市易赛日用品有限公司,"创意蜂窝带盖37格制冰冰格冰箱自制冰块模具家用制冰盒冰模辅食 [快照]
颜色: 绿色  规格: 带盖OPP袋装",#NAME?, 5.85 ,37格蜂窝冰格粉色-3PCs,BG,01,0009,T3-BG010009-FEN,6.55,,,
义乌市易赛日用品有限公司,"创意蜂窝带盖37格制冰冰格冰箱自制冰块模具家用制冰盒冰模辅食 [快照]
颜色: 绿色  规格: 带盖OPP袋装",#NAME?, 5.85 ,37格蜂窝冰格蓝色-3PCs,BG,01,0009,T3-BG010009-LAN,6.55,,,
义乌市易赛日用品有限公司,"创意蜂窝带盖37格制冰冰格冰箱自制冰块模具家用制冰盒冰模辅食 [快照]
颜色: 绿色  规格: 带盖OPP袋装",#NAME?, 5.85 ,37格蜂窝冰格黄色-3PCs,BG,01,0009,T3-BG010009-HUANG,6.55,,,
义乌市易赛日用品有限公司,"创意蜂窝带盖37格制冰冰格冰箱自制冰块模具家用制冰盒冰模辅食 [快照]
颜色: 绿色  规格: 带盖OPP袋装",#NAME?, 5.85 ,37格蜂窝冰格白色-3PCs,BG,01,0009,T3-BG010009-BAI,6.55,,,
义乌市易赛日用品有限公司,"创意蜂窝带盖37格制冰冰格冰箱自制冰块模具家用制冰盒冰模辅食 [快照]
颜色: 绿色  规格: 带盖OPP袋装",#NAME?, 5.85 ,37格蜂窝冰格紫色-3PCs,BG,01,0009,T3-BG010009-ZI,6.55,,,
义乌市易赛日用品有限公司,"创意蜂窝带盖37格制冰冰格冰箱自制冰块模具家用制冰盒冰模辅食 [快照]
颜色: 白色  规格: 带盖OPP袋装",#NAME?, 1.95 ,37格蜂窝冰格白色,BG,01,0050,BG010050,2.18,,,
义乌市易赛日用品有限公司,"创意蜂窝带盖37格制冰冰格冰箱自制冰块模具家用制冰盒冰模辅食 [快照]
颜色: 粉色  规格: 带盖OPP袋装",#NAME?, 1.95 ,37格蜂窝冰格粉色,BG,01,0047,BG010047,2.18,,,
义乌市易赛日用品有限公司,"创意蜂窝带盖37格制冰冰格冰箱自制冰块模具家用制冰盒冰模辅食 [快照]
颜色: 蓝色  规格: 带盖OPP袋装",#NAME?, 1.95 ,37格蜂窝冰格蓝色,BG,01,0048,BG010048,2.18,,,
义乌市易赛日用品有限公司,"创意蜂窝带盖37格制冰冰格冰箱自制冰块模具家用制冰盒冰模辅食 [快照]
颜色: 紫色  规格: 带盖OPP袋装",#NAME?, 1.95 ,37格蜂窝冰格紫色,BG,01,0049,BG010049,2.18,,,
义乌市易赛日用品有限公司,"创意蜂窝带盖37格制冰冰格冰箱自制冰块模具家用制冰盒冰模辅食 [快照]
颜色: 黄色  规格: 带盖OPP袋装",#NAME?, 1.95 ,37格蜂窝冰格黄色,BG,01,0061,BG010061,2.18,,,
,冰格模具4球黑色无盖,, 3.80 ,冰格模具4球黑色无盖,BG,01,0088,BG010088,4.26,,,
,冰格模具6球黑色无盖,#NAME?, 4.90 ,冰格模具6球黑色无盖,BG,01,0087,BG010087,5.49,改货号,,
"深圳市鸿鑫硅橡胶有限公司
",食品级160格1cm小方块硅胶冰格 家用易清洗碎碎冰制冰盒模具 [快照],#NAME?, 3.18 ,冰格模具方形15格黑色无盖,BG,01,0010,BG010010,3.56,,,
东莞市名时硅胶制品有限公司,硅胶10孔爱心冰格蛋糕模蜡烛模具巧克力烘焙模具手工皂模石膏模具 颜色: 红色,#NAME?, 2.83 ,10孔爱心冰格模具红色,BG,01,0011,BG010011,3.16,,,
东莞市名时硅胶制品有限公司,硅胶10孔爱心冰格蛋糕模蜡烛模具巧克力烘焙模具手工皂模石膏模具 颜色: 粉色,#NAME?, 2.83 ,10孔爱心冰格模具粉色,BG,01,0012,BG010012,3.16,,,
东莞市名时硅胶制品有限公司,硅胶10孔爱心冰格蛋糕模蜡烛模具巧克力烘焙模具手工皂模石膏模具,#NAME?, 5.66 ,10孔爱心冰格模具2pcs（红色+粉红色）,BG,01,0013,BG010013,6.34,,,
余姚市蓝调电子商务商行,蓝调 8腔椭圆 手工模具 DIY巧克力雪糕模 蛋糕模 食品级 不配棒 规格: 白色（不配棒）,#NAME?, 4.00 ,8腔椭圆雪糕模白色,BG,01,0014,BG010014,4.48,,,
阳江市江城区紫云轩厨业制品有限公司,厂家现货硅胶冰格15格方形制冰器DIY水果冰块模具创意果冻模 颜色: 绿色 规格: 15格（带盖）,#NAME?, 3.43 ,冰格模具方形15格带盖绿色,BG,01,0015,BG010015,3.84,,,
阳江市江城区紫云轩厨业制品有限公司,厂家现货硅胶冰格15格方形制冰器DIY水果冰块模具创意果冻模 颜色: 紫色 规格: 15格（带盖）,#NAME?, 3.43 ,冰格模具方形15格带盖紫色,BG,01,0016,BG010016,3.84,,,
阳江市江城区紫云轩厨业制品有限公司,厂家现货硅胶冰格15格方形制冰器DIY水果冰块模具创意果冻模 颜色: 粉色 规格: 15格（带盖）,#NAME?, 3.43 ,冰格模具方形15格带盖粉色,BG,01,0017,BG010017,3.84,,,
阳江市江城区紫云轩厨业制品有限公司,厂家现货硅胶冰格15格方形制冰器DIY水果冰块模具创意果冻模 颜色: 蓝色 规格: 15格（带盖）,#NAME?, 3.43 ,冰格模具方形15格带盖蓝色,BG,01,0018,BG010018,3.84,,,
阳江市承鸿工贸有限公司,厂家批发创意硅胶冰格家用水果形状制冰模具易脱模DIY硅胶辅食盒 颜色: 冰格,#NAME?, 4.10 ,冰格水果形状绿色,BG,01,0019,BG010019,4.59,,,
,,#NAME?, 8.20 ,冰格水果形状绿色2PCS,T2-BG,01,0019,T2-BG010019,9.18,BG010019,已录聚水潭,
东莞市烨霆橡胶制品有限公司,"硅胶冰格模具4方4球6方6球15格大冰块易脱模食品级软硅胶制盒带盖 [快照]
规格: 15方冰格无盖（约135g）",#NAME?, 4.40 ,冰格模具方形15方冰格带盖,BG,01,0020,BG010020,4.93,,,
东莞市象启工贸有限公司,亚马逊饮料咖啡硅胶汽车杯架 沙发杯架多功能创意生活户外杯托 颜色: 经济款-白色,#NAME?, 30.50 ,沙发杯托盘白色,BG,01,0021,BG010021,34.16,,,
东莞市象启工贸有限公司,亚马逊饮料咖啡硅胶汽车杯架 沙发杯架多功能创意生活户外杯托 颜色: 经济款-灰色,#NAME?, 30.50 ,沙发杯托盘灰色,BG,01,0022,BG010022,34.16,,,
深圳市雷阳硅胶制品有限公司,,#NAME?, 4.70 ,雷阳冰格长条4格黑色带盖,BG,01,0023,BG010023,5.24,5.24,,
深圳市雷阳硅胶制品有限公司,,#NAME?, 3.50 ,雷阳冰格长条4格黑色 不带盖,BG,01,0024,BG010024,3.98,3.98,,
深圳市雷阳硅胶制品有限公司,,#NAME?, 4.70 ,雷阳冰格长条4格粉色带盖,BG,01,0025,BG010025,5.24,5.24,,
深圳市雷阳硅胶制品有限公司,,#NAME?, 3.50 ,雷阳雷阳冰格长条4格粉色不带盖,BG,01,0044,BG010044,3.98,3.98,,
深圳市雷阳硅胶制品有限公司,,#NAME?, 4.70 ,雷阳冰格长条4格 蓝色带盖,BG,01,0026,BG010026,5.24,5.24,,
深圳市雷阳硅胶制品有限公司,,#NAME?, 3.50 ,雷阳冰格长条4格 蓝色不带盖,BG,01,0045,BG010045,3.98,3.98,,
深圳市雷阳硅胶制品有限公司,,#NAME?, 4.70 ,雷阳冰格长条4格黄色带盖,BG,01,0027,BG010027,5.24,5.24,,
深圳市雷阳硅胶制品有限公司,,#NAME?, 3.50 ,雷阳冰格长条4格黄色不带盖,BG,01,0046,BG010046,3.98,3.98,,
深圳市雷阳硅胶制品有限公司,,#NAME?, 4.70 ,雷阳冰格长条4格 深绿色带盖,BG,01,0028,BG010028,5.24,5.24,,
深圳市雷阳硅胶制品有限公司,,#NAME?, 3.50 ,雷阳冰格长条4格 深绿色不带盖,BG,01,0051,BG010051,3.98,3.98,,
 ,厂家供应万圣节骷髅头冰格四孔连骷髅头冰格骷髅头冰格模具硅胶,#NAME?, 4.60 ,四个骷髅头冰格黑色,BG,01,0029,BG010029,5.15,,,
,厂家供应万圣节骷髅头冰格四孔连骷髅头冰格骷髅头冰格模具硅胶,#NAME?, 9.20 ,四个骷髅头冰格黑色2PCS,BG,01,0086,BG010086,10.3,,,
猴狮马,硅胶心型冰格冰块模具爱心史丹利冰格模具食品级带盖易脱模硅胶制冰格模具,#NAME?, 12.90 ,爱心三格冰格模具紫色,BG,01,0030,BG010030,14.45,,,
猴狮马,硅胶心型冰格冰块模具爱心史丹利冰格模具食品级带盖易脱模硅胶制冰格模具,#NAME?, 12.90 ,爱心三格冰格模具蓝色,BG,01,0031,BG010031,14.45,,,
猴狮马,硅胶心型冰格冰块模具爱心史丹利冰格模具食品级带盖易脱模硅胶制冰格模具,#NAME?, 12.90 ,爱心三格冰格模具粉色,BG,01,0032,BG010032,14.45,,,
猴狮马,硅胶心型冰格冰块模具爱心史丹利冰格模具食品级带盖易脱模硅胶制冰格模具,#NAME?, 12.90 ,爱心三格冰格模具绿色,BG,01,0033,BG010033,14.45,,,
深圳市宇之铭科技有限公司,跨境食品级硅胶AS材质易脱模冰球模具圆形冰块制作威士忌家用冰格 颜色: 黑色 规格: 2个装/盒（0.12kg，包装7*7*8.5cm）,#NAME?, 10.33 ,灯泡冰球模具圆形黑色2个装,BG,01,0034,BG010034,11.57,,,
深圳市宇之铭科技有限公司,跨境食品级硅胶AS材质易脱模冰球模具圆形冰块制作威士忌家用冰格 颜色: 黑色 规格: 4个装/盒（0.24kg，包装7*7*17cm）,#NAME?, 20.67 ,灯泡冰球模具圆形黑色4个装,BG,01,0035,BG010035,23.15,,,
阳江市一浩工贸有限公司,现货厂家批发烘焙工具巧克力硅胶融壶巧克力硅胶分配器硅胶分装壶 规格: 巧克力色硅胶融壶,#NAME?, 3.73 ,巧克力分装壶巧克力色,BG,01,0036,BG010036,4.17,,,
阳江市一浩工贸有限公司,现货厂家批发烘焙工具巧克力硅胶融壶巧克力硅胶分配器硅胶分装壶 规格: 红色硅胶融壶,#NAME?, 3.73 ,巧克力分装壶红色,BG,01,0037,BG010037,4.17,,,
阳江市一浩工贸有限公司,现货厂家批发烘焙工具巧克力硅胶融壶巧克力硅胶分配器硅胶分装壶 规格: 绿色硅胶融壶,#NAME?, 3.73 ,巧克力分装壶绿色,BG,01,0038,BG010038,4.17,,,
义乌市华涛塑料制品有限公司,跨境新品Ninja Creami 奶油豪华冰淇淋杯适用于Ninja NC500 NC501 颜色: 四色罐子各一【纸盒装】,#NAME?, 33.20 ,冰淇淋罐子四色各1个,BG,01,0039,BG010039,37.18,,,
义乌市禾卉日用品厂,"跨境圆筒冰格硅胶冰块模具迷你大号冰桶冰块杯易脱膜制冰杯储冰盒 [快照]
颜色: 大号OP装蓝色（8*9cm）",#NAME?, 2.96 ,圆筒冰块模具制冰桶大号OP装蓝色（8*9cm）,BG,01,0040,BG010040,3.32,,,
义乌市禾卉日用品厂,"跨境圆筒冰格硅胶冰块模具迷你大号冰桶冰块杯易脱膜制冰杯储冰盒 [快照]
颜色: 大号OP装黄色（8*9cm）",#NAME?, 2.96 ,圆筒冰块模具大号OP装黄色（8*9cm）,BG,01,0041,BG010041,3.32,,,
义乌市禾卉日用品厂,"跨境圆筒冰格硅胶冰块模具迷你大号冰桶冰块杯易脱膜制冰杯储冰盒 [快照]
颜色: 大号OP装灰色（8*9cm）",#NAME?, 2.96 ,圆筒冰块模具大号OP装灰色（8*9cm）,BG,01,0042,BG010042,3.32,,,
平阳县品序工艺品厂,跨境现货 硅胶冰桶 制冰杯硅胶制冰块器圆形大号硅胶冰酒桶格厂家 尺寸: OPP装,#NAME?, 5.60 ,冰桶13.5*13.5*15CM 980CL蓝色,BG,01,0043,BG010043,6.27,,,
鲁兴,冰淇淋分装瓶中号,#NAME?, 5.20 ,冰淇淋分装瓶中号,MZ,01,0040,MZ010040,5.82,,,
鲁兴,冰淇淋分装瓶小号,#NAME?, 5.05 ,冰淇淋分装瓶小号,MZ,01,0048,MZ010048,5.66,,,
鲁兴,冰淇淋分装瓶大号,#NAME?, 5.36 ,冰淇淋分装瓶大号,MZ,01,0049,MZ010049,6,,,
鲁兴,热气球分装瓶中号,#NAME?, 4.92 ,热气球分装瓶中号,MZ,01,0041,MZ010041,5.51,,,
鲁兴,热气球分装瓶小号,#NAME?, 4.80 ,热气球分装瓶小号,MZ,01,0046,MZ010046,5.38,,,
鲁兴,热气球分装瓶大号,#NAME?, 5.15 ,热气球分装瓶大号,MZ,01,0047,MZ010047,5.77,,,
鲁兴,猫爪雪糕支架粉色,#NAME?, 3.00 ,猫爪雪糕支架粉色,BG,02,0001,BG020001,3.36,,,
鲁兴,猫爪雪糕支架绿色,#NAME?, 3.00 ,猫爪雪糕支架绿色,BG,02,0002,BG020002,3.36,,,
鲁兴,猫爪雪糕支架黄色,#NAME?, 3.00 ,猫爪雪糕支架黄色,BG,02,0003,BG020003,3.36,,,
鲁兴,猫爪雪糕支架蓝色,#NAME?, 3.00 ,猫爪雪糕支架蓝色,BG,02,0004,BG020004,3.36,,,
义乌市兆策电子商务商行,卡通儿童吃冰棒棍雪糕冰淇淋神器防滴漏支架便携免脏保护套托盘子 规格: 雪糕 支架【粉色】,#NAME?, 1.19 ,雪糕防滴漏支架粉色,BG,02,0005,BG020005,1.33,,,
义乌市兆策电子商务商行,卡通儿童吃冰棒棍雪糕冰淇淋神器防滴漏支架便携免脏保护套托盘子 规格: 雪糕 支架【兰色】,#NAME?, 1.19 ,雪糕防滴漏支架蓝色,BG,02,0006,BG020006,1.33,,,
义乌市兆策电子商务商行,卡通儿童吃冰棒棍雪糕冰淇淋神器防滴漏支架便携免脏保护套托盘子 规格: 雪糕 支架【黄色】,#NAME?, 1.19 ,雪糕防滴漏支架黄色,BG,02,0007,BG020007,1.33,,,
义乌市兆策电子商务商行,卡通儿童吃冰棒棍雪糕冰淇淋神器防滴漏支架便携免脏保护套托盘子 规格: 雪糕 支架【绿色】,#NAME?, 1.19 ,雪糕防滴漏支架绿色,BG,02,0008,BG020008,1.33,,,
义乌市晨梦家居用品有限公司,硅胶雪糕模具儿童自制DIY冰淇淋奶酪棒模 卡通带盖果冻布丁棒冰盒 颜色: 卡通蓝色,#NAME?, 4.14 ,雪糕模具卡通蓝色,BG,02,0009,BG020009,4.64,,,
义乌市晨梦家居用品有限公司,硅胶雪糕模具儿童自制DIY冰淇淋奶酪棒模 卡通带盖果冻布丁棒冰盒 颜色: 卡通粉色,#NAME?, 4.05 ,雪糕模具卡通粉色,BG,02,0010,BG020010,4.54,,,
义乌市晨梦家居用品有限公司,硅胶雪糕模具儿童自制DIY冰淇淋奶酪棒模 卡通带盖果冻布丁棒冰盒 颜色: 熊掌粉色,#NAME?, 4.14 ,雪糕模具熊掌粉色,BG,02,0011,BG020011,4.64,,,
义乌市晨梦家居用品有限公司,硅胶雪糕模具儿童自制DIY冰淇淋奶酪棒模 卡通带盖果冻布丁棒冰盒 颜色: 熊掌黄色,#NAME?, 4.05 ,雪糕模具熊掌黄色,BG,02,0012,BG020012,4.54,,,
义乌市晨梦家居用品有限公司,硅胶雪糕模具儿童自制DIY冰淇淋奶酪棒模 卡通带盖果冻布丁棒冰盒 颜色: 卡通黄色,#NAME?, 4.05 ,雪糕模具卡通黄色,BG,02,0013,BG020013,4.54,,,
义乌市晨梦家居用品有限公司,硅胶雪糕模具儿童自制DIY冰淇淋奶酪棒模 卡通带盖果冻布丁棒冰盒 颜色: 水果菠萝粉色,#NAME?, 4.05 ,雪糕模具水果粉色,BG,02,0014,BG020014,4.54,,,
义乌市晨梦家居用品有限公司,硅胶雪糕模具儿童自制DIY冰淇淋奶酪棒模 卡通带盖果冻布丁棒冰盒 颜色: 水果菠萝蓝色,#NAME?, 4.05 ,雪糕模具水果蓝色,BG,02,0021,BG020021,4.54,,,
义乌市晨梦家居用品有限公司,硅胶雪糕模具儿童自制DIY冰淇淋奶酪棒模 卡通带盖果冻布丁棒冰盒 颜色: 水果菠萝黄色,#NAME?, 4.05 ,雪糕模具水果黄色,BG,02,0022,BG020022,4.54,,,
义乌市晨梦家居用品有限公司,硅胶雪糕模具儿童自制DIY冰淇淋奶酪棒模 卡通带盖果冻布丁棒冰盒 颜色: 熊掌蓝色,#NAME?, 4.05 ,雪糕模具熊掌蓝色,BG,02,0015,BG020015,4.54,,,
鲁兴,儿童雪糕冰棍冰淇淋防滴漏托盘支架2合1可重复使用防脏手滴落ice 颜色: 紫色（单个OPP袋）,#NAME?, 1.20 ,雪糕托盘支架紫色,BG,02,0016,BG020016,1.34,,,
鲁兴,儿童雪糕冰棍冰淇淋防滴漏托盘支架2合1可重复使用防脏手滴落ice 颜色: 绿色（单个OPP袋）,#NAME?, 1.20 ,雪糕托盘支架绿色,BG,02,0017,BG020017,1.34,,,
鲁兴,儿童雪糕冰棍冰淇淋防滴漏托盘支架2合1可重复使用防脏手滴落ice 颜色: 黄色（单个OPP袋）,#NAME?, 1.20 ,雪糕托盘支架黄色,BG,02,0018,BG020018,1.34,,,
鲁兴,儿童雪糕冰棍冰淇淋防滴漏托盘支架2合1可重复使用防脏手滴落ice 颜色: 黄色（单个OPP袋）,#NAME?, 1.20 ,雪糕托盘支架红色,BG,02,0019,BG020019,1.34,,,
鲁兴,儿童雪糕冰棍冰淇淋防滴漏托盘支架2合1可重复使用防脏手滴落ice 颜色: 黄色（单个OPP袋）,#NAME?, 4.80 ,雪糕托盘支架红+黄+v+紫4PCS,BG,02,0020,BG020020,5.38,,,
阳江市欣安光电材料有限公司,"厂家现货饭勺不粘锅硅胶家用饭更不粘米饭食品级耐高温饭勺 [快照]
尺寸: 红色",#NAME?, 1.45 ,不粘锅硅胶饭勺红色,CJ,01,0001,CJ010001,1.62,,,
阳江市欣安光电材料有限公司,"厂家现货饭勺不粘锅硅胶家用饭更不粘米饭食品级耐高温饭勺 [快照]
尺寸: 黑色",#NAME?, 1.45 ,不粘锅硅胶饭勺黑色,CJ,01,0002,CJ010002,1.62,,,
阳江市江城区智佳五金制品厂,高级灰硅胶锅铲汤勺不粘锅专用炒菜铲子食品级家用铲勺套装一体 尺寸: 白灰双色硅胶 四件套,#NAME?, 8.12 ,铲勺套装一体四件套白色,CJ,01,0003,CJ010003,9.09,,,
,宝雄硅胶制品厂,#NAME?, 4.20 ,铲勺套装一体三件套白色,CJ,01,0003-3,CJ010003-3,4.7,,已录聚水潭,
阳江市爱尚工贸有限公司,现货玉子烧铲不粘锅专用铲半透硅胶煎铲煎蛋宽面铲煎锅厨房工具 尺寸: 头粉柄绿,#NAME?, 1.80 ,不粘锅专用铲头粉柄绿玉米铲,CJ,01,0004,CJ010004,2.02,,,
阳江市江城区振欣五金经营部,"硅胶锅铲中华铲 耐高温一体硅胶锅铲硅胶汤勺 食品级不粘锅铲套装 [快照]
尺寸: 红色  套件数量: 五件套",#NAME?, 8.50 ,漏勺汤勺套装厨具五件套红色,CJ,01,0005,CJ010005,9.52,,,10月22日
阳江市江城区振欣五金经营部,批发家用不粘锅硅胶中华铲耐高温铲勺套装漏勺汤勺套装厨具五件套 尺寸: SG-婴儿奶嘴级黑色五件套,#NAME?, 8.50 ,漏勺汤勺套装厨具五件套黑色,CJ,01,0006,CJ010006,9.52,,,10月22日
阳江市江城区振欣五金经营部,"硅胶锅铲中华铲 耐高温一体硅胶锅铲硅胶汤勺 食品级不粘锅铲套装 [快照]
尺寸: 墨绿色  套件数量: 五件套",#NAME?, 8.50 ,漏勺汤勺套装厨具五件套绿色,CJ,01,0007,CJ010007,9.52,,,10月22日
义乌市拉本电子商务有限公司,不倒翁防粘米饭勺新款家用可立式不伤锅盛饭勺易清洗打饭勺子厨房 规格: 不倒翁饭勺 颜色: 白色,#NAME?, 1.45 ,不倒翁饭勺白色,CJ,01,0008,CJ010008,1.62,,,
义乌市拉本电子商务有限公司,不倒翁防粘米饭勺新款家用可立式不伤锅盛饭勺易清洗打饭勺子厨房 规格: 不倒翁饭勺 颜色: 蓝色,#NAME?, 1.45 ,不倒翁饭勺蓝色,CJ,01,0009,CJ010009,1.62,,,
义乌市拉本电子商务有限公司,不倒翁防粘米饭勺新款家用可立式不伤锅盛饭勺易清洗打饭勺子厨房 规格: 不倒翁饭勺 颜色: 粉色,#NAME?, 1.54 ,不倒翁饭勺粉色,CJ,01,0010,CJ010010,1.72,,,
阳江市鑫铄工贸有限公司,现货供应新款半透明彩色硅胶锅铲不粘锅中华铲烹饪勺铲炒菜铲家用 尺寸: 半透绿色（70g） 套件数量: 锅铲,#NAME?, 2.64 ,锅铲半透绿色,CJ,01,0011,CJ010011,2.96,,,
阳江市鑫铄工贸有限公司,硅胶锅铲不粘锅硅胶铲长柄半透硅胶铲食品级耐高温家用硅胶铲批发 尺寸: 半透锅铲紫色,#NAME?, 2.64 ,锅铲半透紫色,CJ,01,0012,CJ010012,2.96,,,
阳江市鑫铄工贸有限公司,硅胶锅铲不粘锅硅胶铲长柄半透硅胶铲食品级耐高温家用硅胶铲批发 尺寸: 半透锅铲蓝色,#NAME?, 2.64 ,锅铲半透蓝色,CJ,01,0013,CJ010013,2.96,,,
阳江市鑫铄工贸有限公司,硅胶锅铲不粘锅硅胶铲长柄半透硅胶铲食品级耐高温家用硅胶铲批发 尺寸: 半透锅铲玫红色,#NAME?, 2.64 ,锅铲半透红色,CJ,01,0014,CJ010014,2.96,,,
阳江市诺品工贸有限公司,烤箱专用食品级硅胶手套 空气炸锅加厚耐高温家用烘焙手夹 防烫夹 颜色: 绿色 规格: 单只73g（袋装）,#NAME?, 2.60 ,硅胶手套防烫手套73g绿色,CJ,02,0001,CJ020001,2.91,,,
阳江市诺品工贸有限公司,烤箱专用食品级硅胶手套 空气炸锅加厚耐高温家用烘焙手夹 防烫夹 颜色: 蓝色 规格: 单只73g（袋装）,#NAME?, 2.60 ,硅胶手套防烫手套73g蓝色,CJ,02,0002,CJ020002,2.91,,,
揭阳市美宜家五金塑胶实业有限公司,家用取碗夹防烫夹提盘器厨房工具碗夹盘子蒸菜夹砂锅夹防滑隔热夹 规格: 硅胶提盘夹+防烫泰山夹：粉色,#NAME?, 7.50 ,提盘夹+防烫夹粉色,CJ,02,0003,CJ020003,8.4,,,
揭阳市美宜家五金塑胶实业有限公司,家用取碗夹防烫夹提盘器厨房工具碗夹盘子蒸菜夹砂锅夹防滑隔热夹 规格: 硅胶提盘夹+防烫泰山夹：绿色,#NAME?, 7.50 ,提盘夹+防烫夹绿色,CJ,02,0004,CJ020004,8.4,,,
揭阳市美宜家五金塑胶实业有限公司,家用取碗夹防烫夹提盘器厨房工具碗夹盘子蒸菜夹砂锅夹防滑隔热夹 规格: 硅胶提盘夹+防烫泰山夹：米色,#NAME?, 7.50 ,提盘夹+防烫夹米色,CJ,02,0005,CJ020005,8.4,,,
阳江市长华工贸有限公司,硅胶食物夹一体全包防滑耐高温烧烤夹厨房食品夹户外烤肉夹面包夹 尺寸: 大号带支架食物夹【卡其色】,#NAME?, 3.88 ,烧烤夹大号米白色,CJ,02,0006,CJ020006,4.35,,,
阳江市长华工贸有限公司,硅胶食物夹一体全包防滑耐高温烧烤夹厨房食品夹户外烤肉夹面包夹 尺寸: 大号带支架食物夹【深灰色】,#NAME?, 3.88 ,烧烤夹大号深灰色,CJ,02,0007,CJ020007,4.35,,,
阳江市长华工贸有限公司,硅胶食物夹一体全包防滑耐高温烧烤夹厨房食品夹户外烤肉夹面包夹 尺寸: 大号带支架食物夹【粉色】,#NAME?, 3.88 ,烧烤夹大号粉色,CJ,02,0008,CJ020008,4.35,,,
阳江市长华工贸有限公司,硅胶食物夹一体全包防滑耐高温烧烤夹厨房食品夹户外烤肉夹面包夹 尺寸: 大号带支架食物夹【绿色】,#NAME?, 3.88 ,烧烤夹大号绿色,CJ,02,0009,CJ020009,4.35,,,
阳江市阳东区新汇塑金制品厂,日本厨房防烫夹子 加厚硅胶烘培耐高温微波炉烤箱隔热手套夹碗器 规格: 橙色隔热夹,#NAME?, 1.82 ,隔热手套8.5*11CM橙色,CJ,02,0010,CJ020010,2.04,,,
阳江市阳东区新汇塑金制品厂,日本厨房防烫夹子 加厚硅胶烘培耐高温微波炉烤箱隔热手套夹碗器 规格: 紫色隔热夹,#NAME?, 1.82 ,隔热手套8.5*11CM紫色,CJ,02,0011,CJ020011,2.04,,,
阳江市阳东区新汇塑金制品厂,日本厨房防烫夹子 加厚硅胶烘培耐高温微波炉烤箱隔热手套夹碗器 规格: 玛卡蓝,#NAME?, 1.82 ,隔热手套8.5*11CM马卡蓝,CJ,02,0012,CJ020012,2.04,,,
阳江市阳东区新汇塑金制品厂,日本厨房防烫夹子 加厚硅胶烘培耐高温微波炉烤箱隔热手套夹碗器 规格: 绿色隔热夹,#NAME?, 1.82 ,隔热手套8.5*11CM绿色,CJ,02,0013,CJ020013,2.04,,,
阳江市阳东区新汇塑金制品厂,日本厨房防烫夹子 加厚硅胶烘培耐高温微波炉烤箱隔热手套夹碗器 规格: 黑色隔热夹,#NAME?, 1.82 ,隔热手套8.5*11CM黑色,CJ,02,0014,CJ020014,2.04,,,
阳江市阳东区新汇塑金制品厂,日本厨房防烫夹子 加厚硅胶烘培耐高温微波炉烤箱隔热手套夹碗器 规格: 黄色隔热夹,#NAME?, 1.82 ,隔热手套8.5*11CM黄色,CJ,02,0015,CJ020015,2.04,,,
阳江市阳东区新汇塑金制品厂,日本厨房防烫夹子 加厚硅胶烘培耐高温微波炉烤箱隔热手套夹碗器 规格: 蓝色隔热夹,#NAME?, 1.82 ,隔热手套8.5*11CM天蓝色,CJ,02,0016,CJ020016,2.04,,,
阳江市阳东区新汇塑金制品厂,日本厨房防烫夹子 加厚硅胶烘培耐高温微波炉烤箱隔热手套夹碗器 规格: 红色隔热夹,#NAME?, 1.82 ,隔热手套8.5*11CM红色,CJ,02,0017,CJ020017,2.04,,,
阳江市阳东区新汇塑金制品厂,日本厨房防烫夹子 加厚硅胶烘培耐高温微波炉烤箱隔热手套夹碗器 规格: 粉色隔热夹,#NAME?, 1.82 ,隔热手套8.5*11CM粉色,CJ,02,0031,CJ020031,2.04,,,
阳江市听听塑胶制品有限公司,硅胶食物夹户外露营烧烤夹 一体全包食品夹 防烫防滑料理夹 现货 规格: 红色,#NAME?, 2.93 ,烧烤夹29.5CM红色,CJ,02,0018,CJ020018,3.28,,,
阳江市听听塑胶制品有限公司,硅胶食物夹户外露营烧烤夹 一体全包食品夹 防烫防滑料理夹 现货 规格: 黑色,#NAME?, 2.93 ,烧烤夹29.5CM黑色,CJ,02,0019,CJ020019,3.28,,,
阳江市听听塑胶制品有限公司,硅胶食物夹户外露营烧烤夹 一体全包食品夹 防烫防滑料理夹 现货 规格: 米黄色,#NAME?, 2.93 ,烧烤夹29.5CM米白色,CJ,02,0020,CJ020020,3.28,,,
阳江市听听塑胶制品有限公司,硅胶食物夹户外露营烧烤夹 一体全包食品夹 防烫防滑料理夹 现货 规格: 浅灰色,#NAME?, 2.93 ,烧烤夹29.5CM灰色,CJ,02,0021,CJ020021,3.28,,,
阳江市听听塑胶制品有限公司,硅胶食物夹户外露营烧烤夹 一体全包食品夹 防烫防滑料理夹 现货 规格: 绿色,#NAME?, 2.93 ,烧烤夹29.5CM浅蓝色,CJ,02,0022,CJ020022,3.28,,,
阳江市听听塑胶制品有限公司,硅胶食物夹户外露营烧烤夹 一体全包食品夹 防烫防滑料理夹 现货 规格:,#NAME?, 5.86 ,烧烤夹套装2pc黑色,CJ,02,0027,CJ020027,6.56,,,
阳江市听听塑胶制品有限公司,硅胶食物夹户外露营烧烤夹 一体全包食品夹 防烫防滑料理夹 现货 规格:,#NAME?, 5.86 ,烧烤夹套装黑色+红色,CJ,02,0026,CJ020026,6.56,,,
阳江市听听塑胶制品有限公司,硅胶食物夹户外露营烧烤夹 一体全包食品夹 防烫防滑料理夹 现货 规格:,#NAME?, 5.86 ,烧烤夹套装黑色+灰色,CJ,02,0032,CJ020032,6.56,,,
,,#NAME?, 5.86 ,烧烤夹套装白色+绿色,CJ,02,0059,CJ020059,6.56,,,
阳江市听听塑胶制品有限公司,硅胶食物夹户外露营烧烤夹 一体全包食品夹 防烫防滑料理夹 现货 规格:,#NAME?, 5.86 ,烧烤夹套装黑色+白色,CJ,02,0028,CJ020028,6.56,,,
阳江市听听塑胶制品有限公司,硅胶食物夹户外露营烧烤夹 一体全包食品夹 防烫防滑料理夹 现货 规格:,#NAME?, 5.86 ,烧烤夹套装黑色+蓝色,CJ,02,0029,CJ020029,6.56,,,
阳江市听听塑胶制品有限公司,硅胶食物夹户外露营烧烤夹 一体全包食品夹 防烫防滑料理夹 现货 规格:,#NAME?, 14.65 ,烧烤夹套装5pcs 黑色+红色+灰色+白色+蓝色,CJ,02,0030,CJ020030,16.41,,,
揭阳市榕城区品通五金制品厂,304不锈钢速冻冰块冰粒盒装套装可循环用金属冰镇球冰威士忌啤酒 规格尺寸: 【冰夹子】（带硅胶头）,#NAME?, 1.56 ,304不锈钢冰块夹带头,CJ,02,0023,CJ020023,1.75,,,
揭阳市培嘉乐五金实业有限公司,304不锈钢冰块速冻冰粒金属冰粒夹创意威士忌不锈钢酒石可印logo 规格尺寸: 不锈钢冰夹,#NAME?, 1.46 ,304不锈钢冰块夹,CJ,02,0024,CJ020024,1.64,,,
好婺日用品有限公司,家用防烫锅柄隔热套把手防烫保护套铁锅铁铲耐高温橡胶套门把手套 规格: 大号 灰色透明袋装,#NAME?, 4.28 ,防烫锅柄隔热套把手灰色,CJ,02,0025,CJ020025,4.79,,,
雷阳,,#NAME?, 4.80 ,雷阳T铲套装4pcs粉+黄+绿+紫,CJ,03,0001,CJ030001,5.34,,,
雷阳,,#NAME?, 4.80 ,雷阳T铲套装4pcs绿色,CJ,03,0002,CJ030002,5.34,,,
雷阳,,#NAME?, 4.80 ,雷阳T铲套装4pcs粉色,CJ,03,0003,CJ030003,5.34,,,
雷阳,,#NAME?, 4.80 ,雷阳T铲套装4pcs紫色,CJ,03,0004,CJ030004,5.34,,,
雷阳,,#NAME?, 4.80 ,雷阳T铲套装4pcs黄色,CJ,03,0005,CJ030005,5.34,,,
阳江市嘉鸿工贸有限公司,厂家现货一体半透硅胶刮刀 烘焙刮刀蛋糕抹刀 奶油刮拌刀烘焙工具 规格: 小号半透刮刀(蓝色）,#NAME?, 1.00 ,小号半透硅胶刮刀蓝色,CJ,03,0006,CJ030006,1.12,,,
阳江乐丰工贸有限公司,厂家现货一体半透硅胶刮刀 烘焙刮刀蛋糕抹刀 奶油刮拌刀烘焙工具 规格: 小号半透刮刀(绿色）,#NAME?, 1.00 ,小号半透硅胶刮刀绿色,CJ,03,0007,CJ030007,1.12,,,
阳江市嘉鸿工贸有限公司,厂家现货一体半透硅胶刮刀 烘焙刮刀蛋糕抹刀 奶油刮拌刀烘焙工具 规格: 小号半透刮刀(橙色）,#NAME?, 1.00 ,小号半透硅胶刮刀粉色,CJ,03,0008,CJ030008,1.12,,,
阳江市江城区华汇日用品厂,,#NAME?, 4.70 ,雷阳抹刀长头款32.5CM粉色,CJ,03,0009,CJ030009,5.24,,,
阳江市江城区华汇日用品厂,,#NAME?, 4.70 ,雷阳抹刀长头款32.5CM紫色,CJ,03,0010,CJ030010,5.24,,,
阳江市江城区华汇日用品厂,,#NAME?, 4.70 ,雷阳抹刀长头款32.5CM黄色,CJ,03,0011,CJ030011,5.24,,,
阳江市江城区华汇日用品厂,,#NAME?, 4.70 ,雷阳抹刀长头款32.5CM玫红色,CJ,03,0012,CJ030012,5.24,,,
深圳市雷阳硅胶制品有限公司,,#NAME?, 18.80 ,雷阳抹刀长头款32.5CM 四件 玫红色 4pcs,T4-CJ,03,0012,T4-CJ030012,21.056,"CJ030009,CJ030010,
CJ030011,CJ030012",已录入ERP,11月8日
阳江市江城区华汇日用品厂,一体式硅胶刮刀烘培蛋糕奶油硅胶抹刀家用沙拉果酱搅拌刀 规格: 短头款半透红色,#NAME?, 5.50 ,抹刀短头款32.5CM半透红色,CJ,03,0013,CJ030013,6.16,,,
阳江市振朗硅胶制品有限公司,硅胶刮刀小号半透明一体式硅胶刮刀奶油刮刀蛋糕抹刀烘焙工具现货 规格: 红色,#NAME?, 1.25 ,抹刀小号21CM半透明红色,CJ,03,0014,CJ030014,1.4,货号重复,,
阳江市阳东区钜盛工贸有限公司,轩隽大小号一体硅胶长抹刀马卡龙色奶油抹平刀长刮刀食品级易洗 规格: 小号蓝色（32克封口袋子）,#NAME?, 0.80 ,抹刀20.7CM蓝色,CJ,03,0015,CJ030015,0.9,,,
阳江市江城区锦知塑料制品厂,"厨房大号硅胶刮刀软边 搅拌抹刀奶油牛油耐高温加厚蛋糕烘培工具 [快照]
规格: 款式二（宽面）  颜色: 粉红色",#NAME?, 4.75 ,大短刮刀34CM粉色,CJ,03,0016,CJ030016,5.32,,,
阳江市江城区锦知塑料制品厂,"厨房大号硅胶刮刀软边 搅拌抹刀奶油牛油耐高温加厚蛋糕烘培工具 [快照]
规格: 款式二（宽面）  颜色: 紫色",#NAME?, 4.75 ,大短刮刀34CM紫色,CJ,03,0017,CJ030017,5.32,,,
阳江市江城区锦知塑料制品厂,"厨房大号硅胶刮刀软边 搅拌抹刀奶油牛油耐高温加厚蛋糕烘培工具 [快照]
规格: 款式二（宽面）  颜色: 黄色",#NAME?, 4.75 ,大短刮刀34CM黄色,CJ,03,0018,CJ030018,5.32,,,
阳江市江城区锦知塑料制品厂,"厨房大号硅胶刮刀软边 搅拌抹刀奶油牛油耐高温加厚蛋糕烘培工具 [快照]
规格: 款式二（宽面）  颜色: 玫红色",#NAME?, 4.75 ,大短刮刀34CM玫红色,CJ,03,0019,CJ030019,5.32,,,
深圳市雷阳硅胶制品有限公司,大短刮刀34CM  4pcs,#NAME?, 19.00 ,大短刮刀34CM玫红色  4pcs,CJ,03,0019,T4-CJ030019,21.28,CJ030019,已录入ERP,11月6日
深圳市雷阳硅胶制品有限公司,,#NAME?, 1.00 ,雷阳抹刀24CM橙色,CJ,03,0020,CJ030020,1.35,,,
深圳市雷阳硅胶制品有限公司,,#NAME?, 1.00 ,雷阳抹刀24CM黑色,CJ,03,0021,CJ030021,1.35,,,
深圳市雷阳硅胶制品有限公司,,#NAME?, 1.00 ,雷阳抹刀24CM绿色,CJ,03,0022,CJ030022,1.35,,,
深圳市雷阳硅胶制品有限公司,,#NAME?, 1.00 ,雷阳抹刀24CM黄色,CJ,03,0023,CJ030023,1.35,,,
深圳市雷阳硅胶制品有限公司,,#NAME?, 1.00 ,雷阳抹刀24CM蓝色,CJ,03,0024,CJ030024,1.35,,,
深圳市雷阳硅胶制品有限公司,,#NAME?, 1.00 ,雷阳抹刀24CM红色,CJ,03,0025,CJ030025,1.35,,,
深圳市雷阳硅胶制品有限公司,,#NAME?, 1.20 ,雷阳T铲北欧黄,CJ,03,0026,CJ030026,1.56,,,
深圳市雷阳硅胶制品有限公司,,#NAME?, 1.20 ,雷阳T铲北欧紫,CJ,03,0027,CJ030027,1.56,,,
深圳市雷阳硅胶制品有限公司,,#NAME?, 1.20 ,雷阳T铲北欧绿,CJ,03,0028,CJ030028,1.56,,,
深圳市雷阳硅胶制品有限公司,,#NAME?, 1.20 ,雷阳T铲北欧粉,CJ,03,0029,CJ030029,1.56,,,
东莞市中创模具有限公司,跨境正方形空气炸锅Air fryer silicone pot 食品级炸锅硅胶垫硅 规格: 灰色,#NAME?, 12.65 ,空气炸锅垫灰色,CJ,04,0001,CJ040001,14.17,,,
东莞市中创模具有限公司,跨境正方形空气炸锅Air fryer silicone pot 食品级炸锅硅胶垫硅 ,#NAME?, 18.41 ,空气炸锅垫灰色+防烫夹1对,CJ,04,0019,CJ040019,20.62,,,
阳江市爱尚工贸有限公司,新款空气炸锅垫硅胶烤盘托盘多功能硅胶烧烤垫耐高温可重复使用 规格: 大号（20cm)(3-5L炸锅用 颜色: 浅紫色,#NAME?, 4.68 ,空气炸锅垫小号20cm浅紫色,CJ,04,0002,CJ040002,5.24,,,
阳江市爱尚工贸有限公司,新款空气炸锅垫硅胶烤盘托盘多功能硅胶烧烤垫耐高温可重复使用 规格: 加大号（23cm)（5-7L炸锅用 颜色: 浅紫色,#NAME?, 5.78 ,空气炸锅垫大号23cm浅紫色,CJ,04,0003,CJ040003,6.47,,,
阳江市爱尚工贸有限公司,新款空气炸锅垫硅胶烤盘托盘多功能硅胶烧烤垫耐高温可重复使用 规格: 大号（20cm)(3-5L炸锅用 颜色: 墨绿色,#NAME?, 4.68 ,空气炸锅垫小号20cm墨绿色,CJ,04,0004,CJ040004,5.24,,,
阳江市爱尚工贸有限公司,"
新款空气炸锅垫硅胶烤盘托盘多功能硅胶烧烤垫耐高温可重复使用 ",#NAME?, 0.28 ,空气炸锅垫大号23cm墨绿色,CJ,04,0018,CJ040018,0.31,,,
阳江市爱尚工贸有限公司,新款空气炸锅垫硅胶烤盘托盘多功能硅胶烧烤垫耐高温可重复使用 规格: 加大号（23cm)（5-7L炸锅用 颜色: 清新绿,#NAME?, 5.78 ,空气炸锅垫大号23cm清新绿,CJ,04,0005,CJ040005,6.47,,,
阳江市爱尚工贸有限公司,新款空气炸锅垫硅胶烤盘托盘多功能硅胶烧烤垫耐高温可重复使用 规格: 大号（20cm)(3-5L炸锅用 颜色: 清新绿,#NAME?, 4.68 ,空气炸锅垫小号20cm清新绿,CJ,04,0006,CJ040006,5.24,,,
阳江市爱尚工贸有限公司,新款空气炸锅垫硅胶烤盘托盘多功能硅胶烧烤垫耐高温可重复使用 [快照],#NAME?, 5.78 ,空气炸锅垫大号23cm红色,CJ,04,0014,CJ040014,6.47,,,
阳江市爱尚工贸有限公司,新款空气炸锅垫硅胶烤盘托盘多功能硅胶烧烤垫耐高温可重复使用 [快照],#NAME?, 4.68 ,空气炸锅垫小号20cm红色,CJ,04,0015,CJ040015,5.24,,,
阳江市爱尚工贸有限公司,新款空气炸锅垫硅胶烤盘托盘多功能硅胶烧烤垫耐高温可重复使用 [快照],#NAME?, 5.78 ,空气炸锅垫大号23cm米色,CJ,04,0016,CJ040016,6.47,,,
阳江市爱尚工贸有限公司,新款空气炸锅垫硅胶烤盘托盘多功能硅胶烧烤垫耐高温可重复使用 [快照],#NAME?, 4.68 ,空气炸锅垫小号20cm米色,CJ,04,0017,CJ040017,5.24,,,
,,#NAME?, 28.90 ,硅胶烤盘托盘大号 5pcs 红色+清新绿+米白色+墨绿色+浅紫色,T5-CJ,04,0014,T5-CJ040014,32.37,"CJ040003
CJ040018
CJ040005
CJ040014
CJ040016
",已录聚水潭,
阳江市江城区乐纯家居用品有限公司,工厂现货新款空气炸锅垫硅胶空气炸锅烤盘烤箱硅胶蛋糕模烘焙用具 规格: 花边烤盘（pp袋） 颜色: 艾绿,#NAME?, 4.07 ,空气炸锅垫双耳花边蓝色,CJ,04,0007,CJ040007,4.55,,,
阳江市江城区乐纯家居用品有限公司,工厂现货新款空气炸锅垫硅胶空气炸锅烤盘烤箱硅胶蛋糕模烘焙用具 规格: 花边烤盘（pp袋） 颜色: 灰色,#NAME?, 4.07 ,空气炸锅垫双耳花边灰色,CJ,04,0008,CJ040008,4.55,,,
阳江市江城区乐纯家居用品有限公司,工厂现货新款空气炸锅垫硅胶空气炸锅烤盘烤箱硅胶蛋糕模烘焙用具 规格: 花边烤盘（pp袋） 颜色: 浅粉,#NAME?, 4.07 ,空气炸锅垫双耳花边粉色,CJ,04,0009,CJ040009,4.55,,,
阳江市江城区乐纯家居用品有限公司,工厂现货新款空气炸锅垫硅胶空气炸锅烤盘烤箱硅胶蛋糕模烘焙用具 规格: 花边烤盘（pp袋） 颜色: 浅粉  2pcs,#NAME?, 8.14 ,空气炸锅垫双耳花边粉色  2pcs,T2-CJ,04,0009,T2-CJ040009,9.12,,已录入ERP,11月8日
东莞市猴狮马电子科技有限公司,跨境爆款空气炸锅硅胶烤盘耐高温可折叠易清洗圆形烘培硅胶烤盘垫 规格: 方形立体红色 21*16*5cm 55g,#NAME?, 1.96 ,空气炸锅垫方形21*16*5cm 55g红色,CJ,04,0010,CJ040010,2.2,,,
东莞市猴狮马电子科技有限公司,跨境爆款空气炸锅硅胶烤盘耐高温可折叠易清洗圆形烘培硅胶烤盘垫 规格: 方形立体浅蓝色 21*16*5cm 55g,#NAME?, 1.96 ,空气炸锅垫方形21*16*5cm 55g蓝色,CJ,04,0011,CJ040011,2.2,,,
东莞市优先电子科技有限公司,跨境爆款 空气炸锅 硅胶烤盘 圆形 烘焙烤盘家用空气炸锅硅胶垫子 规格: 圆形立体棕色24*19*6cm 110g,#NAME?, 4.10 ,空气炸锅垫圆形24*19*6cm棕色,CJ,04,0012,CJ040012,4.6,,,
中山市方圆硅橡胶制品有限公司,新款加厚加大空气炸锅硅胶烤蛋杯蒸蛋杯蒸蛋碗玛芬杯Egg  Ramekin 颜色: 黑色（3个装）,#NAME?, 6.29 ,空气炸锅盘9CM带耳3个装黑色,CJ,04,0013,CJ040013,7.04,,,
阳江市启凡工贸有限公司,亚马逊热销硅胶沥水垫隔热垫厨房餐垫杯子餐具晾干斜纹滤水垫现货 颜色: 小号米白色,#NAME?, 6.04 ,斜纹沥水垫小号米白色,CJ,05,0001,CJ050001,6.76,,,
阳江市启凡工贸有限公司,亚马逊热销硅胶沥水垫隔热垫厨房餐垫杯子餐具晾干斜纹滤水垫现货 颜色: 中号米白色,#NAME?, 7.47 ,斜纹沥水垫中号米白色,CJ,05,0002,CJ050002,8.37,,,
阳江市启凡工贸有限公司,亚马逊热销硅胶沥水垫隔热垫厨房餐垫杯子餐具晾干斜纹滤水垫现货 颜色: 中号灰色,#NAME?, 7.47 ,斜纹沥水垫中号灰色,CJ,05,0003,CJ050003,8.37,,,
阳江市启凡工贸有限公司,亚马逊热销硅胶沥水垫隔热垫厨房餐垫杯子餐具晾干斜纹滤水垫现货 颜色: 小号灰色,#NAME?, 6.04 ,斜纹沥水垫小号灰色,CJ,05,0004,CJ050004,6.76,,,
阳江市启凡工贸有限公司,亚马逊热销硅胶沥水垫隔热垫厨房餐垫杯子餐具晾干斜纹滤水垫现货 颜色: 大号灰色,#NAME?, 14.12 ,斜纹沥水垫大号灰色,CJ,05,0005,CJ050005,15.81,,,
东莞市婷峰硅胶有限公司,跨境热销防水水槽下垫34x22橱柜内衬保护垫硅胶沥水厨房碗碟托盘 颜色: 灰色 规格: 864mm*558mm（34 x 22 英寸）,#NAME?, 27.00 ,水槽下垫灰色 规格: 864*558（34 x 22 英寸）,CJ,05,0006,CJ050006,30.24,,,10月17日
东莞市婷峰硅胶有限公司,跨境热销防水水槽下垫34x22橱柜内衬保护垫硅胶沥水厨房碗碟托盘 颜色: 黑色 规格: 864mm*558mm（34 x 22 英寸）,#NAME?, 27.00 ,水槽下垫黑色 规格: 864*558（34 x 22 英寸）,CJ,05,0007,CJ050007,30.24,,,10月17日
宁波渡渡鸟工贸有限公司,碗碟沥水垫隔热垫可裁剪厨房洗手台面沥水碗碟水池灶台控水硅胶垫 颜色: 米白色,#NAME?, 8.06 ,沥水垫39*25CM米白色,CJ,05,0008,CJ050008,9.03,,,
阳江市诺品工贸有限公司,硅胶厨房沥水碗架蔬果水槽滤水垫子置物干燥收纳垫隔热餐垫锅盘垫 层数（规格）: 圆点加圆弧垫（30*25cm）,#NAME?, 7.80 ,沥水垫圆点加圆弧30*25CM灰色,CJ,05,0009,CJ050009,8.74,,,
阳江市诺品工贸有限公司,硅胶厨房沥水碗架蔬果水槽滤水垫子置物干燥收纳垫隔热餐垫锅盘垫 层数（规格）: 波浪小垫（29.5*22.5cm）,#NAME?, 7.10 ,沥水垫条纹波浪29.5*22.5CM灰色,CJ,05,0010,CJ050010,7.95,,,
阳江市诺品工贸有限公司,硅胶厨房沥水碗架蔬果水槽滤水垫子置物干燥收纳垫隔热餐垫锅盘垫,, 14.20 ,沥水垫条纹+圆点灰色2PCS,CJ,05,0011,CJ050011,15.9,,,
宁波渡渡鸟工贸有限公司,碗碟沥水垫隔热垫可裁剪厨房洗手台面沥水碗碟水池灶台控水硅胶垫 颜色: 灰色,#NAME?, 8.00 ,沥水垫带淋浴排水口39*25CM灰色,CJ,05,0013,CJ050013,8.96,,,
深圳享动信息技术有限公司,跨境新品硅胶咖啡机垫 隔热垫防滑垫台面沥水垫 厨房餐桌垫隔热垫 颜色: 深灰色,#NAME?, 25.60 ,咖啡机垫51*71CM深灰色,CJ,05,0014,CJ050014,28.67,,,
深圳享动信息技术有限公司,跨境新品硅胶咖啡机垫 隔热垫防滑垫台面沥水垫 厨房餐桌垫隔热垫 颜色: 黑色,#NAME?, 25.60 ,咖啡机垫51*71CM黑色,CJ,05,0015,CJ050015,28.67,,,
东莞市思恩塑胶五金制品有限公司,隔热防烫垫厨房锅垫咖啡机垫工具垫三折叠便携耐高温沥水垫 颜色: 灰色,#NAME?, 22.25 ,沥水垫三折叠灰色,CJ,05,0016,CJ050016,24.92,,,
东莞市思恩塑胶五金制品有限公司,隔热防烫垫厨房锅垫咖啡机垫工具垫三折叠便携耐高温沥水垫 颜色: 黑色,#NAME?, 22.25 ,沥水垫三折叠黑色,CJ,05,0017,CJ050017,24.92,,,
山东泰美日用品有限公司,"通用硅胶咖啡垫厨房咖啡双层沥水垫多功能分离式托盘咖啡机保护垫 【货品快照】
颜色:黑色;  规格:60*40*1cm",#NAME?, 18.50 ,二合一咖啡机垫60*40*1CM黑色,CJ,05,0018,CJ050018,20.72,,,
山东泰美日用品有限公司,咖啡机垫 大尺寸通用保护垫子 硅胶防滑防震多功能餐桌隔热沥水垫 颜色: 灰色 规格: 60*40*1,#NAME?, 18.50 ,二合一咖啡机垫60*40*1CM灰色,CJ,05,0019,CJ050019,20.72,,,
宁波市海曙华宇工贸有限公司,"亚马逊爆款长条托盘便携式浴室香皂海绵垫浴室餐桌厨房收纳垫 [快照]
颜色: 灰色",#NAME?, 3.10 ,长条托盘灰色,CJ,05,0020,CJ050020,3.47,,,
宁波市海曙华宇工贸有限公司,"亚马逊爆款长条托盘便携式浴室香皂海绵垫浴室餐桌厨房收纳垫 [快照]
颜色: 黑色",#NAME?, 3.10 ,长条托盘黑色,CJ,05,0021,CJ050021,3.47,,,
广州市尼森硅胶制品有限公司,咖啡机垫 大尺寸通用保护垫子 硅胶防滑防震多功能餐桌隔热沥水垫 颜色: 灰色 规格: 60*40*1,#NAME?, 24.00 ,沥水垫60*40*1CM灰色,CJ,05,0022,CJ050022,26.88,,,
永康市东城贝利特家居用品厂,"水龙头沥水垫台面洗手台窄边水池吸水防溅水垫子卫生间硅胶沥水垫 [快照]
规格: 35*14.5米白",#NAME?, 3.00 ,长方形沥水垫35*14.5米白,CJ,05,0023,CJ050023,3.36,,,10月10日
永康市东城贝利特家居用品厂,"水龙头沥水垫台面洗手台窄边水池吸水防溅水垫子卫生间硅胶沥水垫 [快照]
规格: 45*14.5米白",#NAME?, 4.00 ,长方形沥水垫45*14.5米白,CJ,05,0024,CJ050024,4.48,,,10月10日
永康市东城贝利特家居用品厂,"水龙头沥水垫台面洗手台窄边水池吸水防溅水垫子卫生间硅胶沥水垫 [快照]
规格: 62*14.5米白",#NAME?, 5.00 ,长方形沥水垫62*14.5米白,CJ,05,0025,CJ050025,5.6,,,10月10日
永康市东城贝利特家居用品厂,"水龙头沥水垫台面洗手台窄边水池吸水防溅水垫子卫生间硅胶沥水垫 [快照]
规格: 35*14.5墨绿",#NAME?, 3.00 ,长方形沥水垫35*14.5墨绿,CJ,05,0026,CJ050026,3.36,,,10月10日
永康市东城贝利特家居用品厂,"水龙头沥水垫台面洗手台窄边水池吸水防溅水垫子卫生间硅胶沥水垫 [快照]
规格: 45*14.5墨绿",#NAME?, 4.00 ,长方形沥水垫45*14.5墨绿,CJ,05,0027,CJ050027,4.48,,,10月10日
永康市东城贝利特家居用品厂,"水龙头沥水垫台面洗手台窄边水池吸水防溅水垫子卫生间硅胶沥水垫 [快照]
规格: 62*14.5墨绿",#NAME?, 5.00 ,长方形沥水垫62*14.5墨绿,CJ,05,0028,CJ050028,5.6,,,10月10日
永康市东城贝利特家居用品厂,"水龙头沥水垫台面洗手台窄边水池吸水防溅水垫子卫生间硅胶沥水垫 [快照]
规格: 35*14.5灰色",#NAME?, 3.00 ,长方形沥水垫35*14.5灰色,CJ,05,0029,CJ050029,3.36,,,10月10日
永康市东城贝利特家居用品厂,"水龙头沥水垫台面洗手台窄边水池吸水防溅水垫子卫生间硅胶沥水垫 [快照]
规格: 45*14.5灰色",#NAME?, 4.00 ,长方形沥水垫45*14.5灰色,CJ,05,0030,CJ050030,4.48,,,10月10日
永康市东城贝利特家居用品厂,"水龙头沥水垫台面洗手台窄边水池吸水防溅水垫子卫生间硅胶沥水垫 [快照]
规格: 62*14.5灰色",#NAME?, 5.00 ,长方形沥水垫62*14.5灰色,CJ,05,0031,CJ050031,5.6,,,10月10日
阳江市阳东区振阳五金制品厂,跨境热销便携折叠餐板两用切菜板洗菜盆多功能折叠菜板沥水三合一 颜色: 三合一折叠菜板沥水篮（白色）,#NAME?, 13.90 ,三合一折叠菜板沥水篮白色,CJ,06,0001,CJ060001,15.57,,,
阳江市阳东区振阳五金制品厂,跨境热销便携折叠餐板两用切菜板洗菜盆多功能折叠菜板沥水三合一 颜色: 三合一折叠菜板沥水篮（绿色）,#NAME?, 13.90 ,三合一折叠菜板沥水篮绿色,CJ,06,0002,CJ060002,15.57,,,
义乌市秀米日用品有限公司,一体玻璃瓶油刷油瓶 家用硅胶刷烧烤刷烙饼食品级刷可调节油刷子 规格: 白色 颜色: 盒装约150ML,#NAME?, 5.20 ,烧烤油刷油瓶白色,CJ,06,0003,CJ060003,5.82,,,
东莞市萌创硅橡胶制品有限公司,新款跨境硅胶折叠菜板家居日用硅胶菜板户外旅游方便携带硅胶菜板 规格: 橙色--条纹款,#NAME?, 8.80 ,切菜板条纹款24CM橙色,CJ,06,0004,CJ060004,9.86,,,
东莞市萌创硅橡胶制品有限公司,新款跨境硅胶折叠菜板家居日用硅胶菜板户外旅游方便携带硅胶菜板 规格: 蓝色--条纹款,#NAME?, 8.80 ,切菜板条纹款24CM蓝色,CJ,06,0005,CJ060005,9.86,,,
东莞市萌创硅橡胶制品有限公司,新款跨境硅胶折叠菜板家居日用硅胶菜板户外旅游方便携带硅胶菜板 规格: 灰色--条纹款,#NAME?, 8.80 ,切菜板条纹款24CM灰色,CJ,06,0006,CJ060006,9.86,,,
徐州鼎鸿玻璃科技有限公司,喷油壶喷油瓶厨房家用喷倒两用一体玻璃油壶雾化油瓶油喷壶不挂油 容量: 新款470m绿色,#NAME?, 4.10 ,油壶470ML绿色,CJ,06,0007,CJ060007,4.59,,,
徐州鼎鸿玻璃科技有限公司,喷油壶喷油瓶厨房家用喷倒两用一体玻璃油壶雾化油瓶油喷壶不挂油 容量: 新款470m米白色,#NAME?, 4.10 ,油壶470ML米白色,CJ,06,0008,CJ060008,4.59,,,
徐州鼎鸿玻璃科技有限公司,喷油壶喷油瓶厨房家用喷倒两用一体玻璃油壶雾化油瓶油喷壶不挂油 容量: 新款470m黑色,#NAME?, 4.10 ,油壶470ML黑色,CJ,06,0009,CJ060009,4.59,,,
阳江市江城区星厨汇五金制品厂,厨用烘焙硅胶擀面杖套装中号揉面擀面棍烘焙套装擀面棍揉面垫套装 规格: 【薄荷绿】擀面杖套装,#NAME?, 8.20 ,薄荷绿擀面杖套装（袋装）,CJ,07,0001,CJ070001,9.18,,,10月22日
永康市通涛硅胶制品厂,厂家定制硅胶揉面垫食品级加厚不粘面垫擀面杖擀面垫子家用和面垫 规格: 50*70,#NAME?, 8.90 ,京喜揉面垫卡通50*70,CJ,07,0002,CJ070002,9.97,,,
永康市通涛硅胶制品厂,厂家定制硅胶揉面垫食品级加厚不粘面垫擀面杖擀面垫子家用和面垫 规格: 40*50,#NAME?, 6.50 ,京喜揉面垫卡通40*50带防水边,CJ,07,0003,CJ070003,7.28,,,
永康市通涛硅胶制品厂,厂家定制硅胶揉面垫食品级加厚不粘面垫擀面杖擀面垫子家用和面垫 规格: 60*80,#NAME?, 16.00 ,京喜揉面垫卡通60*80带防水边,CJ,07,0004,CJ070004,17.92,,,
永康市通涛硅胶制品厂,厂家定制硅胶揉面垫食品级加厚不粘面垫擀面杖擀面垫子家用和面垫 规格: 50*70,#NAME?, 9.73 ,京喜揉面垫卡通50*70带防水边,CJ,07,0005,CJ070005,10.9,,,
义乌市唱身电子商务商行（个体工商户）,厨房实木擀面杖不粘木制压面棍烘焙工具 包饺子皮擀面棍擀面棒 规格: 28cm左右 颜色: 原木,#NAME?, 1.06 ,擀面杖28cm原木色,CJ,07,0006,CJ070006,1.19,,,
永康市宁怡工贸有限公司,厂家定制硅胶揉面垫食品级加厚不粘面垫擀面杖擀面垫子家用和面垫 规格:40*50防水边小熊款 颜色: 象牙白,#NAME?, 5.60 ,揉面垫小熊40*50带防水边,CJ,07,0007,CJ070007,6.27,,,10月19日
谷米(深圳)实业科技有限公司,大号无蛋阳具透明果冻水晶仿真中小号穿戴成人女用自慰棒 假阴茎 规格: 6号透明色,#NAME?, 6.70 ,大号无蛋阳具6号透明色,CR,01,0001,CR010001,7.5,,,
谷米(深圳)实业科技有限公司,大号无蛋阳具透明果冻水晶仿真中小号穿戴成人女用自慰棒 假阴茎 规格: 7号透明色,#NAME?, 8.20 ,大号无蛋阳具7号透明色,CR,01,0002,CR010002,9.18,,,
谷米(深圳)实业科技有限公司,大号无蛋阳具透明果冻水晶仿真中小号穿戴成人女用自慰棒 假阴茎 规格: 6号透明色,#NAME?, 6.30 ,假阴茎中小号6号透明色,CR,01,0003,CR010003,7.06,,,
谷米(深圳)实业科技有限公司,大号无蛋阳具透明果冻水晶仿真中小号穿戴成人女用自慰棒 假阴茎 规格: 5号透明色,#NAME?, 5.00 ,假阴茎中小号5号透明色,CR,01,0004,CR010004,5.6,,,
谷米(深圳)实业科技有限公司,大号无蛋阳具透明果冻水晶仿真中小号穿戴成人女用自慰棒 假阴茎 规格: 7号透明色,#NAME?, 7.80 ,假阴茎中小号7号透明色,CR,01,0005,CR010005,8.74,,,
谷米(深圳)实业科技有限公司,女用仿真阳具吸盘罗马大帝 彩色水晶自慰器透明假阳具成人性用品 规格: 肉色【中号】,#NAME?, 11.00 ,彩色水晶自慰器中号肉色,CR,01,0006,CR010006,12.32,,,
谷米(深圳)实业科技有限公司,女用仿真阳具吸盘罗马大帝 彩色水晶自慰器透明假阳具成人性用品 规格: 粉色【中号】,#NAME?, 11.00 ,彩色水晶自慰器中号粉色,CR,01,0007,CR010007,12.32,,,
谷米(深圳)实业科技有限公司,女用仿真阳具吸盘罗马大帝 彩色水晶自慰器透明假阳具成人性用品 规格: 紫色【中号】,#NAME?, 11.00 ,彩色水晶自慰器中号紫色,CR,01,0008,CR010008,12.32,,,
谷米(深圳)实业科技有限公司,外贸热销水晶套毛毛虫手指套六款组合套装 调情皮套 男性情趣用品 规格: 透黑6件套(盒装),#NAME?, 6.30 ,毛毛虫手指套透黑色6件套,CR,01,0009,CR010009,7.06,,,
谷米(深圳)实业科技有限公司,外贸热销水晶套毛毛虫手指套六款组合套装 调情皮套 男性情趣用品 规格: 透蓝色6件套(盒装),#NAME?, 6.30 ,毛毛虫手指套透蓝色6件套,CR,01,0010,CR010010,7.06,,,
谷米(深圳)实业科技有限公司,外贸热销水晶套毛毛虫手指套六款组合套装 调情皮套 男性情趣用品 规格: 透明6件套(盒装),#NAME?, 6.30 ,毛毛虫手指套透明色6件套,CR,01,0011,CR010011,7.06,,,
东莞市夜潮玩具有限公司,手动仿真阳具水晶透明假阴茎女用情趣TPE材质跨境热销吸盘自慰器 规格: S透明,#NAME?, 8.80 ,吸盘假阴茎S透明,CR,01,0012,CR010012,9.86,,,
东莞市夜潮玩具有限公司,手动仿真阳具水晶透明假阴茎女用情趣TPE材质跨境热销吸盘自慰器 规格: L透明,#NAME?, 14.00 ,吸盘假阴茎L透明,CR,01,0013,CR010013,15.68,,,
东莞市夜潮玩具有限公司,手动仿真阳具水晶透明假阴茎女用情趣TPE材质跨境热销吸盘自慰器 规格: M透明,#NAME?, 12.00 ,吸盘假阴茎M透明,CR,01,0014,CR010014,13.44,,,
东莞市夜潮玩具有限公司,手动仿真阳具水晶透明假阴茎女用情趣TPE材质跨境热销吸盘自慰器 规格: XL透明,#NAME?, 18.80 ,吸盘假阴茎XL透明,CR,01,0015,CR010015,21.06,,,
宁波市奉化凯诺成人用品厂,厂家批发男用自慰器阴臀倒模软硅胶名器飞机杯成人性保健情趣品 规格: 丰乳小妹-345克,#NAME?, 10.87 ,自慰器丰乳小妹,CR,01,0016,CR010016,12.17,,,
宁波市奉化凯诺成人用品厂,实体软胶小名气飞机杯男用阴臀倒模自慰器男性成人情趣用品批发 规格: 蜜桃3D动感-180克,#NAME?, 8.92 ,自慰器蜜桃3D动感,CR,01,0017,CR010017,9.99,,,
宁波市奉化凯诺成人用品厂,法娜拉男用自慰器 阴臀倒模名器飞机杯男性成人情趣用品批发 规格: 性感女上司510克,#NAME?, 13.82 ,自慰器性感女上司,CR,01,0018,CR010018,15.48,,,
宁波市奉化凯诺成人用品厂,法娜拉厂家外贸仿真阳具震动棒女用自慰器成人情趣性用品批发 规格: 手动棕色中号,#NAME?, 9.87 ,阳具震动棒手动棕色中号,CR,01,0019,CR010019,11.05,,,
宁波市奉化凯诺成人用品厂,法娜拉厂家外贸仿真阳具震动棒女用自慰器成人情趣性用品批发 规格: 手动黑色大号,#NAME?, 11.12 ,阳具震动棒手动黑色大号,CR,01,0020,CR010020,12.45,,,
宁波市奉化凯诺成人用品厂,现货批发电动仿真阳具女用按摩震动棒摇摆自慰器成人情趣性用品 规格: 摇摆王小号,#NAME?, 11.92 ,阳具震动棒手动摇摆王小号,CR,01,0021,CR010021,13.35,,,
宁波市奉化凯诺成人用品厂,现货批发电动仿真阳具女用按摩震动棒摇摆自慰器成人情趣性用品 规格: 手动咖啡色大号,#NAME?, 8.92 ,阳具震动棒手动咖啡色大号,CR,01,0022,CR010022,9.99,,,
宁波市奉化凯诺成人用品厂,现货批发电动仿真阳具女用按摩震动棒摇摆自慰器成人情趣性用品 规格: 筋爆战士-有线摇摆伸缩中号,#NAME?, 29.12 ,阳具震动棒筋爆战士有线摇摆伸缩中号,CR,01,0023,CR010023,32.61,,,
宁波市奉化凯诺成人用品厂,现货批发电动仿真阳具女用按摩震动棒摇摆自慰器成人情趣性用品 规格: 摇摆王大号,#NAME?, 16.75 ,阳具震动棒摆王大号,CR,01,0024,CR010024,18.76,,,
宁波市奉化凯诺成人用品厂,现货批发电动仿真阳具女用按摩震动棒摇摆自慰器成人情趣性用品 规格: 手动肉色小号,#NAME?, 6.92 ,阳具震动棒手动肉色小号,CR,01,0025,CR010025,7.75,,,
宁波市奉化凯诺成人用品厂,现货批发电动仿真阳具女用按摩震动棒摇摆自慰器成人情趣性用品 规格: 筋爆战士-无线摇摆伸缩大号,#NAME?, 41.12 ,阳具震动棒筋爆战士无线摇摆伸缩大号,CR,01,0026,CR010026,46.05,,,
宁波市奉化凯诺成人用品厂,现货批发电动仿真阳具女用按摩震动棒摇摆自慰器成人情趣性用品 规格: 筋爆战士-无线摇摆伸缩小号,#NAME?, 37.12 ,阳具震动棒筋爆战士无线摇摆伸缩小号,CR,01,0027,CR010027,41.57,,,
宁波市奉化凯诺成人用品厂,现货批发电动仿真阳具女用按摩震动棒摇摆自慰器成人情趣性用品 规格: 筋爆战士-无线摇摆伸缩中号,#NAME?, 39.12 ,阳具震动棒筋爆战士无线摇摆伸缩中号,CR,01,0028,CR010028,43.81,,,
宁波市奉化凯诺成人用品厂,现货批发电动仿真阳具女用按摩震动棒摇摆自慰器成人情趣性用品 规格: 霸道舌舔阳具【伸缩+摇摆+震动+加温+舌舔】,#NAME?, 39.12 ,阳具震动棒霸道舌舔阳具,CR,01,0029,CR010029,43.81,,,
宁波市奉化凯诺成人用品厂,现货批发电动仿真阳具女用按摩震动棒摇摆自慰器成人情趣性用品 规格: 摇摆王中号,#NAME?, 16.12 ,阳具震动棒摇摆王中号,CR,01,0030,CR010030,18.05,,,
宁波市奉化凯诺成人用品厂,现货批发电动仿真阳具女用按摩震动棒摇摆自慰器成人情趣性用品 规格: USB变频阳具小号（伸缩加温）,#NAME?, 20.12 ,阳具震动棒USB变频小号,CR,01,0031,CR010031,22.53,,,
宁波市奉化凯诺成人用品厂,成人情趣用品男用阴臀倒模飞机杯手动按摩器源头工厂一件代发 规格: 肥唇熟妇,#NAME?, 15.42 ,男用手动按摩器肥唇熟妇,CR,01,0032,CR010032,17.27,,,
,硅胶宠物罐头盖红色,#NAME?, 1.63 ,宠物罐头盖红色,CW,01,0001,CW010001,1.83,,,
,硅胶绿色,#NAME?, 1.63 ,宠物罐头盖绿色,CW,01,0002,CW010002,1.83,,,
,硅胶宠物罐头盖橙色,#NAME?, 1.63 ,宠物罐头盖橙色,CW,01,0003,CW010003,1.83,,,
,硅胶宠物罐头盖深蓝色,#NAME?, 1.63 ,宠物罐头盖深蓝色,CW,01,0004,CW010004,1.83,,,
,硅胶宠物罐头盖天蓝色,#NAME?, 1.63 ,宠物罐头盖天蓝色,CW,01,0005,CW010005,1.83,,,
深圳市飞奥达科技有限公司,跨境新款宠物硅胶狗粮包户外便携随身训犬遛狗喂食腰包零食袋批发 规格: 宠物零食袋 颜色: 莴苣,#NAME?, 8.70 ,宠物零食袋浅绿色,CW,01,0006,CW010006,9.74,,,
深圳市飞奥达科技有限公司,跨境新款宠物硅胶狗粮包户外便携随身训犬遛狗喂食腰包零食袋批发 规格: 宠物零食袋 颜色: 橄榄石,#NAME?, 8.70 ,宠物零食袋橄深绿色,CW,01,0007,CW010007,9.74,,,
东莞市杰普达美妆用品有限公司,2023跨境硅胶宠物慢食球 狗狗多功能藏食收纳器 宠物益智漏食器 颜色: 红绿色 规格: 散装,#NAME?, 8.89 ,宠物慢食球水果形状红绿色,CW,01,0008,CW010008,9.96,,,
东莞市杰普达美妆用品有限公司,2023跨境硅胶宠物慢食球 狗狗多功能藏食收纳器 宠物益智漏食器 颜色: 草绿色 规格: 散装,#NAME?, 8.89 ,宠物慢食球水果形状草绿色,CW,01,0009,CW010009,9.96,,,
东莞市杰普达美妆用品有限公司,2023跨境硅胶宠物慢食球 狗狗多功能藏食收纳器 宠物益智漏食器 颜色: 黄色 规格: 散装,#NAME?, 8.89 ,宠物慢食球水果形状黄色,CW,01,0010,CW010010,9.96,,,
东莞市杰普达美妆用品有限公司,2023跨境硅胶宠物慢食球 狗狗多功能藏食收纳器 宠物益智漏食器 颜色: 橙色 规格: 散装,#NAME?, 8.89 ,宠物慢食球水果形状橙色,CW,01,0011,CW010011,9.96,,,
杭州狸奴宠物用品有限公司,狗狗外出水杯硅胶可折叠便携式水壶大容量喂水器大口径户外随行杯 规格: 浅灰色（550ml/179g）,#NAME?, 18.73 ,便携式水壶550ML浅灰色,CW,01,0012,CW010012,20.98,,,
义乌市泽跃宠物用品有限公司,厂家直销宠物碗狗狗硅胶双碗折叠碗猫吃饭喝水盆外出便携宠物用品 规格: TPE 颜色: 橙色,#NAME?, 9.33 ,宠物折叠双碗橙色,CW,01,0013,CW010013,10.45,,,
义乌市泽跃宠物用品有限公司,厂家直销宠物碗狗狗硅胶双碗折叠碗猫吃饭喝水盆外出便携宠物用品 规格: TPE 颜色: 红色,#NAME?, 9.33 ,双碗折叠碗猫 红色,CW,01,0014,CW010014,10.45,,,
义乌市泽跃宠物用品有限公司,厂家直销宠物碗狗狗硅胶双碗折叠碗猫吃饭喝水盆外出便携宠物用品 规格: TPE 颜色: 粉红色,#NAME?, 9.33 ,双碗折叠碗猫玫红色,CW,01,0015,CW010015,10.45,,,
义乌市泽跃宠物用品有限公司,厂家直销宠物碗狗狗硅胶双碗折叠碗猫吃饭喝水盆外出便携宠物用品 规格: TPE 颜色: 绿色,#NAME?, 9.33 ,双碗折叠碗猫绿色,CW,01,0016,CW010016,10.45,,,
义乌市泽跃宠物用品有限公司,厂家直销宠物碗狗狗硅胶双碗折叠碗猫吃饭喝水盆外出便携宠物用品 规格: TPE 颜色: 黑色,#NAME?, 9.33 ,双碗折叠碗猫黑色,CW,01,0017,CW010017,10.45,,,
义乌市泽跃宠物用品有限公司,厂家直销宠物碗狗狗硅胶双碗折叠碗猫吃饭喝水盆外出便携宠物用品 规格: TPE 颜色: 蓝色,#NAME?, 9.33 ,双碗折叠碗猫蓝色,CW,01,0018,CW010018,10.45,,,
深圳市飞奥达科技有限公司,跨境新款宠物硅胶狗粮包户外便携随身训犬遛狗喂食腰包零食袋批发 规格: 宠物零食袋 颜色: 米白色,#NAME?, 8.70 ,宠物零食袋米白色,CW,01,0019,CW010019,9.74,,,
深圳市明力达科技有限公司,厂家供应宠物训练漏食玩具户外硅胶宠物慢食喂食器硅胶宠物用品 规格: 9.9*9.9*10.3cm ,#NAME?, 11.00 ,宠物漏食器黑白胡子款,CW,01,0020,CW010020,12.32,,,
深圳市明力达科技有限公司,厂家供应宠物训练漏食玩具户外硅胶宠物慢食喂食器硅胶宠物用品,#NAME?, 11.00 ,宠物漏食器蘑菇款,CW,01,0023,CW010023,12.32,,,
义乌市泽跃宠物用品有限公司,厂家供应宠物折叠碗外出便携狗碗折叠喂食碗连体塑料双碗宠物用品 规格: 31*13*5.5cm ,#NAME?, 9.10 ,宠物漏食器红色,CW,01,0021,CW010021,10.19,,,
义乌市泽跃宠物用品有限公司,厂家供应宠物折叠碗外出便携狗碗折叠喂食碗连体塑料双碗宠物用品 规格: 31*13*5.5cm ,#NAME?, 9.10 ,宠物漏食器粉红色,CW,01,0022,CW010022,10.19,,,
东莞市鑫火硅橡胶制品有限公司,亚马逊热销宠物舔食垫食品级硅胶圆形鱼形吸盘狗舔垫宠物狗舔舐垫 规格: 小鱼儿 卡其灰,#NAME?, 3.31 ,鱼形宠物垫卡其灰色,CW,02,0001,CW020001,3.71,,,
东莞市鑫火硅橡胶制品有限公司,亚马逊热销宠物舔食垫食品级硅胶圆形鱼形吸盘狗舔垫宠物狗舔舐垫 规格: 小鱼儿 蓝色,#NAME?, 3.25 ,鱼形宠物垫蓝色,CW,02,0002,CW020002,3.64,,,
东莞市鑫火硅橡胶制品有限公司,亚马逊热销宠物舔食垫食品级硅胶圆形鱼形吸盘狗舔垫宠物狗舔舐垫 规格: 小鱼儿 绿色,#NAME?, 3.25 ,鱼形宠物垫绿色,CW,02,0003,CW020003,3.64,,,
东莞市独特科技有限公司,宠物舔食垫硅胶食用级猫狗慢食垫食具餐垫舔食盘舔舔垫防滑带吸盘,#NAME?, 7.60 ,宠物慢食垫粉色,CW,02,0008,CW020008,8.51,,,
东莞市独特科技有限公司,宠物舔食垫硅胶食用级猫狗慢食垫食具餐垫舔食盘舔舔垫防滑带吸盘,#NAME?, 7.60 ,宠物慢食垫灰色,CW,02,0009,CW020009,8.51,,,
